STATION,NAME,DATE,PRCP,TAVG,TMAX,TMIN
USW00023174,"LOS ANGELES INTERNATIONAL AIRPORT, CA US",2019-01-01,0.00,54,62,41
USW00023174,"LOS ANGELES INTERNATIONAL AIRPORT, CA US",2019-01-02,0.00,52,61,39
USW00023174,"LOS ANGELES INTERNATIONAL AIRPORT, CA US",2019-01-03,0.00,54,66,45
USW00023174,"LOS ANGELES INTERNATIONAL AIRPORT, CA US",2019-01-04,0.00,54,63,44
USW00023174,"LOS ANGELES INTERNATIONAL AIRPORT, CA US",2019-01-05,0.56,54,58,48
USW00023174,"LOS ANGELES INTERNATIONAL AIRPORT, CA US",2019-01-06,0.00,53,59,49
USW00023174,"LOS ANGELES INTERNATIONAL AIRPORT, CA US",2019-01-07,0.21,54,60,51
USW00023174,"LOS ANGELES INTERNATIONAL AIRPORT, CA US",2019-01-08,0.00,59,71,51
USW00023174,"LOS ANGELES INTERNATIONAL AIRPORT, CA US",2019-01-09,0.00,57,63,48
USW00023174,"LOS ANGELES INTERNATIONAL AIRPORT, CA US",2019-01-10,0.00,57,61,50
USW00023174,"LOS ANGELES INTERNATIONAL AIRPORT, CA US",2019-01-11,0.00,56,65,51
USW00023174,"LOS ANGELES INTERNATIONAL AIRPORT, CA US",2019-01-12,0.93,55,61,52
USW00023174,"LOS ANGELES INTERNATIONAL AIRPORT, CA US",2019-01-13,0.00,54,61,46
USW00023174,"LOS ANGELES INTERNATIONAL AIRPORT, CA US",2019-01-14,1.08,55,57,51
USW00023174,"LOS ANGELES INTERNATIONAL AIRPORT, CA US",2019-01-15,0.69,54,59,50
USW00023174,"LOS ANGELES INTERNATIONAL AIRPORT, CA US",2019-01-16,0.67,55,61,54
USW00023174,"LOS ANGELES INTERNATIONAL AIRPORT, CA US",2019-01-17,0.57,60,61,58
USW00023174,"LOS ANGELES INTERNATIONAL AIRPORT, CA US",2019-01-18,0.00,59,64,54
USW00023174,"LOS ANGELES INTERNATIONAL AIRPORT, CA US",2019-01-19,0.00,61,76,52
USW00023174,"LOS ANGELES INTERNATIONAL AIRPORT, CA US",2019-01-20,0.00,62,70,54
USW00023174,"LOS ANGELES INTERNATIONAL AIRPORT, CA US",2019-01-21,0.00,59,62,54
USW00023174,"LOS ANGELES INTERNATIONAL AIRPORT, CA US",2019-01-22,0.00,58,65,52
USW00023174,"LOS ANGELES INTERNATIONAL AIRPORT, CA US",2019-01-23,0.00,56,65,45
USW00023174,"LOS ANGELES INTERNATIONAL AIRPORT, CA US",2019-01-24,0.00,59,78,49
USW00023174,"LOS ANGELES INTERNATIONAL AIRPORT, CA US",2019-01-25,0.00,62,75,50
USW00023174,"LOS ANGELES INTERNATIONAL AIRPORT, CA US",2019-01-26,0.00,62,74,50
USW00023174,"LOS ANGELES INTERNATIONAL AIRPORT, CA US",2019-01-27,0.00,63,73,51
USW00023174,"LOS ANGELES INTERNATIONAL AIRPORT, CA US",2019-01-28,0.00,60,70,49
USW00023174,"LOS ANGELES INTERNATIONAL AIRPORT, CA US",2019-01-29,0.00,61,68,55
USW00023174,"LOS ANGELES INTERNATIONAL AIRPORT, CA US",2019-01-30,0.00,59,64,55
USW00023174,"LOS ANGELES INTERNATIONAL AIRPORT, CA US",2019-01-31,0.81,58,60,53
USW00023174,"LOS ANGELES INTERNATIONAL AIRPORT, CA US",2019-02-01,0.01,55,63,49
USW00023174,"LOS ANGELES INTERNATIONAL AIRPORT, CA US",2019-02-02,1.45,57,60,52
USW00023174,"LOS ANGELES INTERNATIONAL AIRPORT, CA US",2019-02-03,0.25,56,59,51
USW00023174,"LOS ANGELES INTERNATIONAL AIRPORT, CA US",2019-02-04,0.27,56,60,53
USW00023174,"LOS ANGELES INTERNATIONAL AIRPORT, CA US",2019-02-05,0.12,54,56,47
USW00023174,"LOS ANGELES INTERNATIONAL AIRPORT, CA US",2019-02-06,0.00,50,55,44
USW00023174,"LOS ANGELES INTERNATIONAL AIRPORT, CA US",2019-02-07,0.00,51,61,42
USW00023174,"LOS ANGELES INTERNATIONAL AIRPORT, CA US",2019-02-08,0.00,53,61,42
USW00023174,"LOS ANGELES INTERNATIONAL AIRPORT, CA US",2019-02-09,0.23,52,58,46
USW00023174,"LOS ANGELES INTERNATIONAL AIRPORT, CA US",2019-02-10,0.10,52,58,48
USW00023174,"LOS ANGELES INTERNATIONAL AIRPORT, CA US",2019-02-11,0.00,51,59,42
USW00023174,"LOS ANGELES INTERNATIONAL AIRPORT, CA US",2019-02-12,0.00,54,68,44
USW00023174,"LOS ANGELES INTERNATIONAL AIRPORT, CA US",2019-02-13,0.09,55,61,51
USW00023174,"LOS ANGELES INTERNATIONAL AIRPORT, CA US",2019-02-14,1.68,57,63,53
USW00023174,"LOS ANGELES INTERNATIONAL AIRPORT, CA US",2019-02-15,0.13,56,60,50
USW00023174,"LOS ANGELES INTERNATIONAL AIRPORT, CA US",2019-02-16,0.00,53,59,48
USW00023174,"LOS ANGELES INTERNATIONAL AIRPORT, CA US",2019-02-17,0.02,53,56,45
USW00023174,"LOS ANGELES INTERNATIONAL AIRPORT, CA US",2019-02-18,0.00,52,59,46
USW00023174,"LOS ANGELES INTERNATIONAL AIRPORT, CA US",2019-02-19,0.00,52,58,42
USW00023174,"LOS ANGELES INTERNATIONAL AIRPORT, CA US",2019-02-20,0.01,50,58,42
USW00023174,"LOS ANGELES INTERNATIONAL AIRPORT, CA US",2019-02-21,0.00,51,57,45
USW00023174,"LOS ANGELES INTERNATIONAL AIRPORT, CA US",2019-02-22,0.00,50,60,41
USW00023174,"LOS ANGELES INTERNATIONAL AIRPORT, CA US",2019-02-23,0.00,52,61,41
USW00023174,"LOS ANGELES INTERNATIONAL AIRPORT, CA US",2019-02-24,0.00,54,64,45
USW00023174,"LOS ANGELES INTERNATIONAL AIRPORT, CA US",2019-02-25,0.00,56,65,47
USW00023174,"LOS ANGELES INTERNATIONAL AIRPORT, CA US",2019-02-26,0.00,55,62,48
USW00023174,"LOS ANGELES INTERNATIONAL AIRPORT, CA US",2019-02-27,0.00,57,63,53
USW00023174,"LOS ANGELES INTERNATIONAL AIRPORT, CA US",2019-02-28,0.06,58,64,55
USW00023174,"LOS ANGELES INTERNATIONAL AIRPORT, CA US",2019-03-01,0.00,58,62,56
USW00023174,"LOS ANGELES INTERNATIONAL AIRPORT, CA US",2019-03-02,0.99,58,62,55
USW00023174,"LOS ANGELES INTERNATIONAL AIRPORT, CA US",2019-03-03,0.05,57,59,55
USW00023174,"LOS ANGELES INTERNATIONAL AIRPORT, CA US",2019-03-04,0.00,57,61,54
USW00023174,"LOS ANGELES INTERNATIONAL AIRPORT, CA US",2019-03-05,0.06,55,62,48
USW00023174,"LOS ANGELES INTERNATIONAL AIRPORT, CA US",2019-03-06,0.98,58,61,55
USW00023174,"LOS ANGELES INTERNATIONAL AIRPORT, CA US",2019-03-07,0.00,57,60,52
USW00023174,"LOS ANGELES INTERNATIONAL AIRPORT, CA US",2019-03-08,0.00,55,59,50
USW00023174,"LOS ANGELES INTERNATIONAL AIRPORT, CA US",2019-03-09,0.00,54,61,47
USW00023174,"LOS ANGELES INTERNATIONAL AIRPORT, CA US",2019-03-10,0.00,53,60,48
USW00023174,"LOS ANGELES INTERNATIONAL AIRPORT, CA US",2019-03-11,0.00,56,67,49
USW00023174,"LOS ANGELES INTERNATIONAL AIRPORT, CA US",2019-03-12,0.00,62,68,53
USW00023174,"LOS ANGELES INTERNATIONAL AIRPORT, CA US",2019-03-13,0.00,59,68,54
USW00023174,"LOS ANGELES INTERNATIONAL AIRPORT, CA US",2019-03-14,0.00,59,70,49
USW00023174,"LOS ANGELES INTERNATIONAL AIRPORT, CA US",2019-03-15,0.00,62,74,48
USW00023174,"LOS ANGELES INTERNATIONAL AIRPORT, CA US",2019-03-16,0.00,67,78,50
USW00023174,"LOS ANGELES INTERNATIONAL AIRPORT, CA US",2019-03-17,0.00,66,81,56
USW00023174,"LOS ANGELES INTERNATIONAL AIRPORT, CA US",2019-03-18,0.00,64,73,55
USW00023174,"LOS ANGELES INTERNATIONAL AIRPORT, CA US",2019-03-19,0.00,59,65,53
USW00023174,"LOS ANGELES INTERNATIONAL AIRPORT, CA US",2019-03-20,0.00,60,66,55
USW00023174,"LOS ANGELES INTERNATIONAL AIRPORT, CA US",2019-03-21,0.02,57,62,54
USW00023174,"LOS ANGELES INTERNATIONAL AIRPORT, CA US",2019-03-22,0.00,56,65,48
USW00023174,"LOS ANGELES INTERNATIONAL AIRPORT, CA US",2019-03-23,0.00,59,65,56
USW00023174,"LOS ANGELES INTERNATIONAL AIRPORT, CA US",2019-03-24,0.00,59,66,51
USW00023174,"LOS ANGELES INTERNATIONAL AIRPORT, CA US",2019-03-25,0.00,59,68,51
USW00023174,"LOS ANGELES INTERNATIONAL AIRPORT, CA US",2019-03-26,0.00,59,67,52
USW00023174,"LOS ANGELES INTERNATIONAL AIRPORT, CA US",2019-03-27,0.00,60,67,55
USW00023174,"LOS ANGELES INTERNATIONAL AIRPORT, CA US",2019-03-28,0.00,61,66,55
USW00023174,"LOS ANGELES INTERNATIONAL AIRPORT, CA US",2019-03-29,0.00,60,70,52
USW00023174,"LOS ANGELES INTERNATIONAL AIRPORT, CA US",2019-03-30,0.00,62,73,50
USW00023174,"LOS ANGELES INTERNATIONAL AIRPORT, CA US",2019-03-31,0.00,67,81,56
USW00023174,"LOS ANGELES INTERNATIONAL AIRPORT, CA US",2019-04-01,0.00,69,81,60
USW00023174,"LOS ANGELES INTERNATIONAL AIRPORT, CA US",2019-04-02,0.00,63,69,58
USW00023174,"LOS ANGELES INTERNATIONAL AIRPORT, CA US",2019-04-03,0.00,61,67,57
USW00023174,"LOS ANGELES INTERNATIONAL AIRPORT, CA US",2019-04-04,0.00,60,66,57
USW00023174,"LOS ANGELES INTERNATIONAL AIRPORT, CA US",2019-04-05,0.00,60,66,54
USW00023174,"LOS ANGELES INTERNATIONAL AIRPORT, CA US",2019-04-06,0.00,61,67,58
USW00023174,"LOS ANGELES INTERNATIONAL AIRPORT, CA US",2019-04-07,0.00,63,74,57
USW00023174,"LOS ANGELES INTERNATIONAL AIRPORT, CA US",2019-04-08,0.00,67,79,58
USW00023174,"LOS ANGELES INTERNATIONAL AIRPORT, CA US",2019-04-09,0.00,66,77,59
USW00023174,"LOS ANGELES INTERNATIONAL AIRPORT, CA US",2019-04-10,0.00,67,74,61
USW00023174,"LOS ANGELES INTERNATIONAL AIRPORT, CA US",2019-04-11,0.00,65,70,55
USW00023174,"LOS ANGELES INTERNATIONAL AIRPORT, CA US",2019-04-12,0.00,64,73,57
USW00023174,"LOS ANGELES INTERNATIONAL AIRPORT, CA US",2019-04-13,0.00,62,72,53
USW00023174,"LOS ANGELES INTERNATIONAL AIRPORT, CA US",2019-04-14,0.00,60,64,53
USW00023174,"LOS ANGELES INTERNATIONAL AIRPORT, CA US",2019-04-15,0.00,56,63,52
USW00023174,"LOS ANGELES INTERNATIONAL AIRPORT, CA US",2019-04-16,0.00,59,65,57
USW00023174,"LOS ANGELES INTERNATIONAL AIRPORT, CA US",2019-04-17,0.00,61,72,53
USW00023174,"LOS ANGELES INTERNATIONAL AIRPORT, CA US",2019-04-18,0.00,63,73,54
USW00023174,"LOS ANGELES INTERNATIONAL AIRPORT, CA US",2019-04-19,0.00,60,63,56
USW00023174,"LOS ANGELES INTERNATIONAL AIRPORT, CA US",2019-04-20,0.00,58,64,57
USW00023174,"LOS ANGELES INTERNATIONAL AIRPORT, CA US",2019-04-21,0.00,59,66,53
USW00023174,"LOS ANGELES INTERNATIONAL AIRPORT, CA US",2019-04-22,0.00,60,66,53
USW00023174,"LOS ANGELES INTERNATIONAL AIRPORT, CA US",2019-04-23,0.00,62,72,55
USW00023174,"LOS ANGELES INTERNATIONAL AIRPORT, CA US",2019-04-24,0.00,62,72,57
USW00023174,"LOS ANGELES INTERNATIONAL AIRPORT, CA US",2019-04-25,0.00,61,68,57
USW00023174,"LOS ANGELES INTERNATIONAL AIRPORT, CA US",2019-04-26,0.00,60,65,57
USW00023174,"LOS ANGELES INTERNATIONAL AIRPORT, CA US",2019-04-27,0.00,60,65,58
USW00023174,"LOS ANGELES INTERNATIONAL AIRPORT, CA US",2019-04-28,0.01,61,66,58
USW00023174,"LOS ANGELES INTERNATIONAL AIRPORT, CA US",2019-04-29,0.00,61,67,57
USW00023174,"LOS ANGELES INTERNATIONAL AIRPORT, CA US",2019-04-30,0.04,60,66,57
USW00023174,"LOS ANGELES INTERNATIONAL AIRPORT, CA US",2019-05-01,0.00,60,67,54
USW00023174,"LOS ANGELES INTERNATIONAL AIRPORT, CA US",2019-05-02,0.00,61,67,55
USW00023174,"LOS ANGELES INTERNATIONAL AIRPORT, CA US",2019-05-03,0.00,62,68,58
USW00023174,"LOS ANGELES INTERNATIONAL AIRPORT, CA US",2019-05-04,0.00,63,68,59
USW00023174,"LOS ANGELES INTERNATIONAL AIRPORT, CA US",2019-05-05,0.00,62,67,59
USW00023174,"LOS ANGELES INTERNATIONAL AIRPORT, CA US",2019-05-06,0.00,61,67,58
USW00023174,"LOS ANGELES INTERNATIONAL AIRPORT, CA US",2019-05-07,0.00,61,66,58
USW00023174,"LOS ANGELES INTERNATIONAL AIRPORT, CA US",2019-05-08,0.00,62,65,59
USW00023174,"LOS ANGELES INTERNATIONAL AIRPORT, CA US",2019-05-09,0.00,61,64,60
USW00023174,"LOS ANGELES INTERNATIONAL AIRPORT, CA US",2019-05-10,0.00,63,71,60
USW00023174,"LOS ANGELES INTERNATIONAL AIRPORT, CA US",2019-05-11,0.00,64,72,59
USW00023174,"LOS ANGELES INTERNATIONAL AIRPORT, CA US",2019-05-12,0.00,65,73,57
USW00023174,"LOS ANGELES INTERNATIONAL AIRPORT, CA US",2019-05-13,0.00,64,68,61
USW00023174,"LOS ANGELES INTERNATIONAL AIRPORT, CA US",2019-05-14,0.00,64,68,60
USW00023174,"LOS ANGELES INTERNATIONAL AIRPORT, CA US",2019-05-15,0.00,62,67,61
USW00023174,"LOS ANGELES INTERNATIONAL AIRPORT, CA US",2019-05-16,0.29,62,68,58
USW00023174,"LOS ANGELES INTERNATIONAL AIRPORT, CA US",2019-05-17,0.00,62,68,55
USW00023174,"LOS ANGELES INTERNATIONAL AIRPORT, CA US",2019-05-18,0.00,62,70,54
USW00023174,"LOS ANGELES INTERNATIONAL AIRPORT, CA US",2019-05-19,0.27,58,64,52
USW00023174,"LOS ANGELES INTERNATIONAL AIRPORT, CA US",2019-05-20,0.00,60,67,55
USW00023174,"LOS ANGELES INTERNATIONAL AIRPORT, CA US",2019-05-21,0.00,60,66,59
USW00023174,"LOS ANGELES INTERNATIONAL AIRPORT, CA US",2019-05-22,0.09,61,67,56
USW00023174,"LOS ANGELES INTERNATIONAL AIRPORT, CA US",2019-05-23,0.00,60,65,55
USW00023174,"LOS ANGELES INTERNATIONAL AIRPORT, CA US",2019-05-24,0.00,61,68,55
USW00023174,"LOS ANGELES INTERNATIONAL AIRPORT, CA US",2019-05-25,0.00,61,67,56
USW00023174,"LOS ANGELES INTERNATIONAL AIRPORT, CA US",2019-05-26,0.08,60,62,55
USW00023174,"LOS ANGELES INTERNATIONAL AIRPORT, CA US",2019-05-27,0.00,58,66,50
USW00023174,"LOS ANGELES INTERNATIONAL AIRPORT, CA US",2019-05-28,0.00,60,67,53
USW00023174,"LOS ANGELES INTERNATIONAL AIRPORT, CA US",2019-05-29,0.00,63,69,56
USW00023174,"LOS ANGELES INTERNATIONAL AIRPORT, CA US",2019-05-30,0.00,62,68,58
USW00023174,"LOS ANGELES INTERNATIONAL AIRPORT, CA US",2019-05-31,0.00,61,67,59
USW00023174,"LOS ANGELES INTERNATIONAL AIRPORT, CA US",2019-06-01,0.00,62,66,59
USW00023174,"LOS ANGELES INTERNATIONAL AIRPORT, CA US",2019-06-02,0.00,62,67,60
USW00023174,"LOS ANGELES INTERNATIONAL AIRPORT, CA US",2019-06-03,0.00,63,69,59
USW00023174,"LOS ANGELES INTERNATIONAL AIRPORT, CA US",2019-06-04,0.00,62,69,60
USW00023174,"LOS ANGELES INTERNATIONAL AIRPORT, CA US",2019-06-05,0.00,64,70,60
USW00023174,"LOS ANGELES INTERNATIONAL AIRPORT, CA US",2019-06-06,0.00,63,69,60
USW00023174,"LOS ANGELES INTERNATIONAL AIRPORT, CA US",2019-06-07,0.00,64,69,61
USW00023174,"LOS ANGELES INTERNATIONAL AIRPORT, CA US",2019-06-08,0.00,65,72,62
USW00023174,"LOS ANGELES INTERNATIONAL AIRPORT, CA US",2019-06-09,0.00,66,72,61
USW00023174,"LOS ANGELES INTERNATIONAL AIRPORT, CA US",2019-06-10,0.00,67,80,62
USW00023174,"LOS ANGELES INTERNATIONAL AIRPORT, CA US",2019-06-11,0.00,68,76,63
USW00023174,"LOS ANGELES INTERNATIONAL AIRPORT, CA US",2019-06-12,0.00,68,72,61
USW00023174,"LOS ANGELES INTERNATIONAL AIRPORT, CA US",2019-06-13,0.00,63,69,61
USW00023174,"LOS ANGELES INTERNATIONAL AIRPORT, CA US",2019-06-14,0.00,64,70,62
USW00023174,"LOS ANGELES INTERNATIONAL AIRPORT, CA US",2019-06-15,0.00,65,72,63
USW00023174,"LOS ANGELES INTERNATIONAL AIRPORT, CA US",2019-06-16,0.00,65,70,63
USW00023174,"LOS ANGELES INTERNATIONAL AIRPORT, CA US",2019-06-17,0.00,64,70,62
USW00023174,"LOS ANGELES INTERNATIONAL AIRPORT, CA US",2019-06-18,0.00,65,71,63
USW00023174,"LOS ANGELES INTERNATIONAL AIRPORT, CA US",2019-06-19,0.00,67,72,64
USW00023174,"LOS ANGELES INTERNATIONAL AIRPORT, CA US",2019-06-20,0.00,66,70,64
USW00023174,"LOS ANGELES INTERNATIONAL AIRPORT, CA US",2019-06-21,0.00,65,70,62
USW00023174,"LOS ANGELES INTERNATIONAL AIRPORT, CA US",2019-06-22,0.00,66,72,62
USW00023174,"LOS ANGELES INTERNATIONAL AIRPORT, CA US",2019-06-23,0.00,66,71,61
USW00023174,"LOS ANGELES INTERNATIONAL AIRPORT, CA US",2019-06-24,0.00,63,69,61
USW00023174,"LOS ANGELES INTERNATIONAL AIRPORT, CA US",2019-06-25,0.00,64,68,63
USW00023174,"LOS ANGELES INTERNATIONAL AIRPORT, CA US",2019-06-26,0.00,64,70,61
USW00023174,"LOS ANGELES INTERNATIONAL AIRPORT, CA US",2019-06-27,0.00,65,72,62
USW00023174,"LOS ANGELES INTERNATIONAL AIRPORT, CA US",2019-06-28,0.00,67,73,63
USW00023174,"LOS ANGELES INTERNATIONAL AIRPORT, CA US",2019-06-29,0.00,68,78,62
USW00023174,"LOS ANGELES INTERNATIONAL AIRPORT, CA US",2019-06-30,0.00,69,78,64
USW00023174,"LOS ANGELES INTERNATIONAL AIRPORT, CA US",2019-07-01,0.00,69,75,63
USW00023174,"LOS ANGELES INTERNATIONAL AIRPORT, CA US",2019-07-02,0.00,69,75,62
USW00023174,"LOS ANGELES INTERNATIONAL AIRPORT, CA US",2019-07-03,0.00,69,75,64
USW00023174,"LOS ANGELES INTERNATIONAL AIRPORT, CA US",2019-07-04,0.00,68,74,63
USW00023174,"LOS ANGELES INTERNATIONAL AIRPORT, CA US",2019-07-05,0.00,67,74,62
USW00023174,"LOS ANGELES INTERNATIONAL AIRPORT, CA US",2019-07-06,0.00,67,72,63
USW00023174,"LOS ANGELES INTERNATIONAL AIRPORT, CA US",2019-07-07,0.00,66,72,64
USW00023174,"LOS ANGELES INTERNATIONAL AIRPORT, CA US",2019-07-08,0.00,68,74,64
USW00023174,"LOS ANGELES INTERNATIONAL AIRPORT, CA US",2019-07-09,0.00,68,75,63
USW00023174,"LOS ANGELES INTERNATIONAL AIRPORT, CA US",2019-07-10,0.00,67,72,63
USW00023174,"LOS ANGELES INTERNATIONAL AIRPORT, CA US",2019-07-11,0.00,68,74,64
USW00023174,"LOS ANGELES INTERNATIONAL AIRPORT, CA US",2019-07-12,0.00,68,75,64
USW00023174,"LOS ANGELES INTERNATIONAL AIRPORT, CA US",2019-07-13,0.00,68,75,64
USW00023174,"LOS ANGELES INTERNATIONAL AIRPORT, CA US",2019-07-14,0.00,67,73,63
USW00023174,"LOS ANGELES INTERNATIONAL AIRPORT, CA US",2019-07-15,0.00,66,72,63
USW00023174,"LOS ANGELES INTERNATIONAL AIRPORT, CA US",2019-07-16,0.00,66,73,62
USW00023174,"LOS ANGELES INTERNATIONAL AIRPORT, CA US",2019-07-17,0.00,68,74,64
USW00023174,"LOS ANGELES INTERNATIONAL AIRPORT, CA US",2019-07-18,0.00,69,73,62
USW00023174,"LOS ANGELES INTERNATIONAL AIRPORT, CA US",2019-07-19,0.00,66,73,62
USW00023174,"LOS ANGELES INTERNATIONAL AIRPORT, CA US",2019-07-20,0.00,68,74,64
USW00023174,"LOS ANGELES INTERNATIONAL AIRPORT, CA US",2019-07-21,0.00,67,72,63
USW00023174,"LOS ANGELES INTERNATIONAL AIRPORT, CA US",2019-07-22,0.00,67,75,63
USW00023174,"LOS ANGELES INTERNATIONAL AIRPORT, CA US",2019-07-23,0.05,70,80,64
USW00023174,"LOS ANGELES INTERNATIONAL AIRPORT, CA US",2019-07-24,0.00,73,83,67
USW00023174,"LOS ANGELES INTERNATIONAL AIRPORT, CA US",2019-07-25,0.00,75,87,70
USW00023174,"LOS ANGELES INTERNATIONAL AIRPORT, CA US",2019-07-26,0.00,74,80,69
USW00023174,"LOS ANGELES INTERNATIONAL AIRPORT, CA US",2019-07-27,0.00,71,79,66
USW00023174,"LOS ANGELES INTERNATIONAL AIRPORT, CA US",2019-07-28,0.00,69,73,64
USW00023174,"LOS ANGELES INTERNATIONAL AIRPORT, CA US",2019-07-29,0.00,67,73,63
USW00023174,"LOS ANGELES INTERNATIONAL AIRPORT, CA US",2019-07-30,0.00,68,74,63
USW00023174,"LOS ANGELES INTERNATIONAL AIRPORT, CA US",2019-07-31,0.00,68,74,64
USW00023174,"LOS ANGELES INTERNATIONAL AIRPORT, CA US",2019-08-01,0.00,67,72,63
USW00023174,"LOS ANGELES INTERNATIONAL AIRPORT, CA US",2019-08-02,0.00,68,75,62
USW00023174,"LOS ANGELES INTERNATIONAL AIRPORT, CA US",2019-08-03,0.00,69,74,64
USW00023174,"LOS ANGELES INTERNATIONAL AIRPORT, CA US",2019-08-04,0.00,68,74,63
USW00023174,"LOS ANGELES INTERNATIONAL AIRPORT, CA US",2019-08-05,0.00,66,71,62
USW00023174,"LOS ANGELES INTERNATIONAL AIRPORT, CA US",2019-08-06,0.00,67,73,63
USW00023174,"LOS ANGELES INTERNATIONAL AIRPORT, CA US",2019-08-07,0.00,67,73,61
USW00023174,"LOS ANGELES INTERNATIONAL AIRPORT, CA US",2019-08-08,0.00,64,69,61
USW00023174,"LOS ANGELES INTERNATIONAL AIRPORT, CA US",2019-08-09,0.00,65,72,60
USW00023174,"LOS ANGELES INTERNATIONAL AIRPORT, CA US",2019-08-10,0.00,66,73,61
USW00023174,"LOS ANGELES INTERNATIONAL AIRPORT, CA US",2019-08-11,0.00,67,74,62
USW00023174,"LOS ANGELES INTERNATIONAL AIRPORT, CA US",2019-08-12,0.00,66,73,62
USW00023174,"LOS ANGELES INTERNATIONAL AIRPORT, CA US",2019-08-13,0.00,66,71,61
USW00023174,"LOS ANGELES INTERNATIONAL AIRPORT, CA US",2019-08-14,0.00,65,74,61
USW00023174,"LOS ANGELES INTERNATIONAL AIRPORT, CA US",2019-08-15,0.00,67,75,62
USW00023174,"LOS ANGELES INTERNATIONAL AIRPORT, CA US",2019-08-16,0.00,68,75,64
USW00023174,"LOS ANGELES INTERNATIONAL AIRPORT, CA US",2019-08-17,0.00,69,76,66
USW00023174,"LOS ANGELES INTERNATIONAL AIRPORT, CA US",2019-08-18,0.00,70,76,66
USW00023174,"LOS ANGELES INTERNATIONAL AIRPORT, CA US",2019-08-19,0.00,70,77,66
USW00023174,"LOS ANGELES INTERNATIONAL AIRPORT, CA US",2019-08-20,0.00,71,78,65
USW00023174,"LOS ANGELES INTERNATIONAL AIRPORT, CA US",2019-08-21,0.00,73,80,61
USW00023174,"LOS ANGELES INTERNATIONAL AIRPORT, CA US",2019-08-22,0.00,73,80,67
USW00023174,"LOS ANGELES INTERNATIONAL AIRPORT, CA US",2019-08-23,0.00,72,83,67
USW00023174,"LOS ANGELES INTERNATIONAL AIRPORT, CA US",2019-08-24,0.00,73,80,68
USW00023174,"LOS ANGELES INTERNATIONAL AIRPORT, CA US",2019-08-25,0.00,73,80,68
USW00023174,"LOS ANGELES INTERNATIONAL AIRPORT, CA US",2019-08-26,0.00,74,85,69
USW00023174,"LOS ANGELES INTERNATIONAL AIRPORT, CA US",2019-08-27,0.00,74,80,70
USW00023174,"LOS ANGELES INTERNATIONAL AIRPORT, CA US",2019-08-28,0.00,74,80,70
USW00023174,"LOS ANGELES INTERNATIONAL AIRPORT, CA US",2019-08-29,0.00,73,80,69
USW00023174,"LOS ANGELES INTERNATIONAL AIRPORT, CA US",2019-08-30,0.00,76,82,70
USW00023174,"LOS ANGELES INTERNATIONAL AIRPORT, CA US",2019-08-31,0.00,74,80,69
USW00023174,"LOS ANGELES INTERNATIONAL AIRPORT, CA US",2019-09-01,0.00,73,78,68
USW00023174,"LOS ANGELES INTERNATIONAL AIRPORT, CA US",2019-09-02,0.00,75,93,69
USW00023174,"LOS ANGELES INTERNATIONAL AIRPORT, CA US",2019-09-03,0.00,75,84,69
USW00023174,"LOS ANGELES INTERNATIONAL AIRPORT, CA US",2019-09-04,0.00,77,86,72
USW00023174,"LOS ANGELES INTERNATIONAL AIRPORT, CA US",2019-09-05,0.00,77,87,71
USW00023174,"LOS ANGELES INTERNATIONAL AIRPORT, CA US",2019-09-06,0.00,77,84,71
USW00023174,"LOS ANGELES INTERNATIONAL AIRPORT, CA US",2019-09-07,0.00,76,83,66
USW00023174,"LOS ANGELES INTERNATIONAL AIRPORT, CA US",2019-09-08,0.00,71,78,65
USW00023174,"LOS ANGELES INTERNATIONAL AIRPORT, CA US",2019-09-09,0.00,72,79,66
USW00023174,"LOS ANGELES INTERNATIONAL AIRPORT, CA US",2019-09-10,0.00,72,78,69
USW00023174,"LOS ANGELES INTERNATIONAL AIRPORT, CA US",2019-09-11,0.00,71,78,66
USW00023174,"LOS ANGELES INTERNATIONAL AIRPORT, CA US",2019-09-12,0.00,72,79,67
USW00023174,"LOS ANGELES INTERNATIONAL AIRPORT, CA US",2019-09-13,0.00,73,81,68
USW00023174,"LOS ANGELES INTERNATIONAL AIRPORT, CA US",2019-09-14,0.00,76,85,68
USW00023174,"LOS ANGELES INTERNATIONAL AIRPORT, CA US",2019-09-15,0.00,73,81,68
USW00023174,"LOS ANGELES INTERNATIONAL AIRPORT, CA US",2019-09-16,0.00,71,78,67
USW00023174,"LOS ANGELES INTERNATIONAL AIRPORT, CA US",2019-09-17,0.00,72,79,66
USW00023174,"LOS ANGELES INTERNATIONAL AIRPORT, CA US",2019-09-18,0.00,72,78,65
USW00023174,"LOS ANGELES INTERNATIONAL AIRPORT, CA US",2019-09-19,0.00,71,78,65
USW00023174,"LOS ANGELES INTERNATIONAL AIRPORT, CA US",2019-09-20,0.00,70,77,64
USW00023174,"LOS ANGELES INTERNATIONAL AIRPORT, CA US",2019-09-21,0.00,72,81,65
USW00023174,"LOS ANGELES INTERNATIONAL AIRPORT, CA US",2019-09-22,0.00,74,89,68
USW00023174,"LOS ANGELES INTERNATIONAL AIRPORT, CA US",2019-09-23,0.00,72,79,67
USW00023174,"LOS ANGELES INTERNATIONAL AIRPORT, CA US",2019-09-24,0.00,70,77,66
USW00023174,"LOS ANGELES INTERNATIONAL AIRPORT, CA US",2019-09-25,0.00,73,85,66
USW00023174,"LOS ANGELES INTERNATIONAL AIRPORT, CA US",2019-09-26,0.00,73,78,70
USW00023174,"LOS ANGELES INTERNATIONAL AIRPORT, CA US",2019-09-27,0.00,71,75,68
USW00023174,"LOS ANGELES INTERNATIONAL AIRPORT, CA US",2019-09-28,0.00,69,72,64
USW00023174,"LOS ANGELES INTERNATIONAL AIRPORT, CA US",2019-09-29,0.00,67,73,58
USW00023174,"LOS ANGELES INTERNATIONAL AIRPORT, CA US",2019-09-30,0.00,66,73,57
USW00023174,"LOS ANGELES INTERNATIONAL AIRPORT, CA US",2019-10-01,0.00,67,75,59
USW00023174,"LOS ANGELES INTERNATIONAL AIRPORT, CA US",2019-10-02,0.00,66,73,54
USW00023174,"LOS ANGELES INTERNATIONAL AIRPORT, CA US",2019-10-03,0.00,64,72,54
USW00023174,"LOS ANGELES INTERNATIONAL AIRPORT, CA US",2019-10-04,0.00,64,75,56
USW00023174,"LOS ANGELES INTERNATIONAL AIRPORT, CA US",2019-10-05,0.00,68,77,60
USW00023174,"LOS ANGELES INTERNATIONAL AIRPORT, CA US",2019-10-06,0.00,69,81,60
USW00023174,"LOS ANGELES INTERNATIONAL AIRPORT, CA US",2019-10-07,0.00,69,78,61
USW00023174,"LOS ANGELES INTERNATIONAL AIRPORT, CA US",2019-10-08,0.00,68,75,62
USW00023174,"LOS ANGELES INTERNATIONAL AIRPORT, CA US",2019-10-09,0.00,67,73,63
USW00023174,"LOS ANGELES INTERNATIONAL AIRPORT, CA US",2019-10-10,0.00,68,78,64
USW00023174,"LOS ANGELES INTERNATIONAL AIRPORT, CA US",2019-10-11,0.00,72,90,57
USW00023174,"LOS ANGELES INTERNATIONAL AIRPORT, CA US",2019-10-12,0.00,71,79,60
USW00023174,"LOS ANGELES INTERNATIONAL AIRPORT, CA US",2019-10-13,0.00,67,73,58
USW00023174,"LOS ANGELES INTERNATIONAL AIRPORT, CA US",2019-10-14,0.00,67,72,62
USW00023174,"LOS ANGELES INTERNATIONAL AIRPORT, CA US",2019-10-15,0.00,67,75,59
USW00023174,"LOS ANGELES INTERNATIONAL AIRPORT, CA US",2019-10-16,0.00,70,94,61
USW00023174,"LOS ANGELES INTERNATIONAL AIRPORT, CA US",2019-10-17,0.00,69,77,63
USW00023174,"LOS ANGELES INTERNATIONAL AIRPORT, CA US",2019-10-18,0.00,67,75,60
USW00023174,"LOS ANGELES INTERNATIONAL AIRPORT, CA US",2019-10-19,0.00,67,75,57
USW00023174,"LOS ANGELES INTERNATIONAL AIRPORT, CA US",2019-10-20,0.00,68,83,59
USW00023174,"LOS ANGELES INTERNATIONAL AIRPORT, CA US",2019-10-21,0.00,78,90,66
USW00023174,"LOS ANGELES INTERNATIONAL AIRPORT, CA US",2019-10-22,0.00,78,96,66
USW00023174,"LOS ANGELES INTERNATIONAL AIRPORT, CA US",2019-10-23,0.00,75,91,64
USW00023174,"LOS ANGELES INTERNATIONAL AIRPORT, CA US",2019-10-24,0.00,77,98,64
USW00023174,"LOS ANGELES INTERNATIONAL AIRPORT, CA US",2019-10-25,0.00,82,94,66
USW00023174,"LOS ANGELES INTERNATIONAL AIRPORT, CA US",2019-10-26,0.00,76,88,63
USW00023174,"LOS ANGELES INTERNATIONAL AIRPORT, CA US",2019-10-27,0.00,69,72,61
USW00023174,"LOS ANGELES INTERNATIONAL AIRPORT, CA US",2019-10-28,0.00,66,76,58
USW00023174,"LOS ANGELES INTERNATIONAL AIRPORT, CA US",2019-10-29,0.00,64,71,53
USW00023174,"LOS ANGELES INTERNATIONAL AIRPORT, CA US",2019-10-30,0.00,65,79,55
USW00023174,"LOS ANGELES INTERNATIONAL AIRPORT, CA US",2019-10-31,0.00,66,82,53
USW00023174,"LOS ANGELES INTERNATIONAL AIRPORT, CA US",2019-11-01,0.00,67,82,53
USW00023174,"LOS ANGELES INTERNATIONAL AIRPORT, CA US",2019-11-02,0.00,65,82,53
USW00023174,"LOS ANGELES INTERNATIONAL AIRPORT, CA US",2019-11-03,0.00,65,77,52
USW00023174,"LOS ANGELES INTERNATIONAL AIRPORT, CA US",2019-11-04,0.00,64,75,53
USW00023174,"LOS ANGELES INTERNATIONAL AIRPORT, CA US",2019-11-05,0.00,64,72,57
USW00023174,"LOS ANGELES INTERNATIONAL AIRPORT, CA US",2019-11-06,0.00,63,68,58
USW00023174,"LOS ANGELES INTERNATIONAL AIRPORT, CA US",2019-11-07,0.00,63,68,59
USW00023174,"LOS ANGELES INTERNATIONAL AIRPORT, CA US",2019-11-08,0.00,65,78,56
USW00023174,"LOS ANGELES INTERNATIONAL AIRPORT, CA US",2019-11-09,0.00,72,90,59
USW00023174,"LOS ANGELES INTERNATIONAL AIRPORT, CA US",2019-11-10,0.00,66,72,60
USW00023174,"LOS ANGELES INTERNATIONAL AIRPORT, CA US",2019-11-11,0.00,64,68,62
USW00023174,"LOS ANGELES INTERNATIONAL AIRPORT, CA US",2019-11-12,0.00,64,69,60
USW00023174,"LOS ANGELES INTERNATIONAL AIRPORT, CA US",2019-11-13,0.00,63,68,60
USW00023174,"LOS ANGELES INTERNATIONAL AIRPORT, CA US",2019-11-14,0.00,62,69,57
USW00023174,"LOS ANGELES INTERNATIONAL AIRPORT, CA US",2019-11-15,0.00,63,70,57
USW00023174,"LOS ANGELES INTERNATIONAL AIRPORT, CA US",2019-11-16,0.00,63,72,55
USW00023174,"LOS ANGELES INTERNATIONAL AIRPORT, CA US",2019-11-17,0.00,70,93,55
USW00023174,"LOS ANGELES INTERNATIONAL AIRPORT, CA US",2019-11-18,0.00,78,93,62
USW00023174,"LOS ANGELES INTERNATIONAL AIRPORT, CA US",2019-11-19,0.01,70,79,62
USW00023174,"LOS ANGELES INTERNATIONAL AIRPORT, CA US",2019-11-20,0.35,61,63,53
USW00023174,"LOS ANGELES INTERNATIONAL AIRPORT, CA US",2019-11-21,0.01,58,67,53
USW00023174,"LOS ANGELES INTERNATIONAL AIRPORT, CA US",2019-11-22,0.00,62,71,55
USW00023174,"LOS ANGELES INTERNATIONAL AIRPORT, CA US",2019-11-23,0.00,64,75,56
USW00023174,"LOS ANGELES INTERNATIONAL AIRPORT, CA US",2019-11-24,0.00,65,78,53
USW00023174,"LOS ANGELES INTERNATIONAL AIRPORT, CA US",2019-11-25,0.00,61,70,51
USW00023174,"LOS ANGELES INTERNATIONAL AIRPORT, CA US",2019-11-26,0.00,62,67,55
USW00023174,"LOS ANGELES INTERNATIONAL AIRPORT, CA US",2019-11-27,0.27,58,59,50
USW00023174,"LOS ANGELES INTERNATIONAL AIRPORT, CA US",2019-11-28,0.78,52,53,46
USW00023174,"LOS ANGELES INTERNATIONAL AIRPORT, CA US",2019-11-29,0.01,49,59,43
USW00023174,"LOS ANGELES INTERNATIONAL AIRPORT, CA US",2019-11-30,0.00,53,61,44
USW00023174,"LOS ANGELES INTERNATIONAL AIRPORT, CA US",2019-12-01,0.00,57,65,51
USW00023174,"LOS ANGELES INTERNATIONAL AIRPORT, CA US",2019-12-02,0.00,59,69,52
USW00023174,"LOS ANGELES INTERNATIONAL AIRPORT, CA US",2019-12-03,0.00,61,67,54
USW00023174,"LOS ANGELES INTERNATIONAL AIRPORT, CA US",2019-12-04,0.98,61,64,56
USW00023174,"LOS ANGELES INTERNATIONAL AIRPORT, CA US",2019-12-05,0.00,60,69,53
USW00023174,"LOS ANGELES INTERNATIONAL AIRPORT, CA US",2019-12-06,0.05,61,67,56
USW00023174,"LOS ANGELES INTERNATIONAL AIRPORT, CA US",2019-12-07,0.00,63,67,61
USW00023174,"LOS ANGELES INTERNATIONAL AIRPORT, CA US",2019-12-08,0.05,63,65,58
USW00023174,"LOS ANGELES INTERNATIONAL AIRPORT, CA US",2019-12-09,0.00,59,68,51
USW00023174,"LOS ANGELES INTERNATIONAL AIRPORT, CA US",2019-12-10,0.00,59,69,52
USW00023174,"LOS ANGELES INTERNATIONAL AIRPORT, CA US",2019-12-11,0.00,58,65,50
USW00023174,"LOS ANGELES INTERNATIONAL AIRPORT, CA US",2019-12-12,0.00,61,71,54
USW00023174,"LOS ANGELES INTERNATIONAL AIRPORT, CA US",2019-12-13,0.00,60,65,53
USW00023174,"LOS ANGELES INTERNATIONAL AIRPORT, CA US",2019-12-14,0.00,62,66,58
USW00023174,"LOS ANGELES INTERNATIONAL AIRPORT, CA US",2019-12-15,0.00,60,66,55
USW00023174,"LOS ANGELES INTERNATIONAL AIRPORT, CA US",2019-12-16,0.00,57,69,47
USW00023174,"LOS ANGELES INTERNATIONAL AIRPORT, CA US",2019-12-17,0.00,59,72,45
USW00023174,"LOS ANGELES INTERNATIONAL AIRPORT, CA US",2019-12-18,0.00,58,65,49
USW00023174,"LOS ANGELES INTERNATIONAL AIRPORT, CA US",2019-12-19,0.00,56,67,45
USW00023174,"LOS ANGELES INTERNATIONAL AIRPORT, CA US",2019-12-20,0.00,62,78,50
USW00023174,"LOS ANGELES INTERNATIONAL AIRPORT, CA US",2019-12-21,0.00,65,74,56
USW00023174,"LOS ANGELES INTERNATIONAL AIRPORT, CA US",2019-12-22,0.99,62,67,52
USW00023174,"LOS ANGELES INTERNATIONAL AIRPORT, CA US",2019-12-23,0.85,57,59,52
USW00023174,"LOS ANGELES INTERNATIONAL AIRPORT, CA US",2019-12-24,0.00,55,61,49
USW00023174,"LOS ANGELES INTERNATIONAL AIRPORT, CA US",2019-12-25,1.13,54,58,47
USW00023174,"LOS ANGELES INTERNATIONAL AIRPORT, CA US",2019-12-26,0.37,53,57,46
USW00023174,"LOS ANGELES INTERNATIONAL AIRPORT, CA US",2019-12-27,0.00,53,62,43
USW00023174,"LOS ANGELES INTERNATIONAL AIRPORT, CA US",2019-12-28,0.00,55,63,46
USW00023174,"LOS ANGELES INTERNATIONAL AIRPORT, CA US",2019-12-29,0.00,55,62,47
USW00023174,"LOS ANGELES INTERNATIONAL AIRPORT, CA US",2019-12-30,0.00,57,64,53
USW00023174,"LOS ANGELES INTERNATIONAL AIRPORT, CA US",2019-12-31,0.00,61,73,51